{"accuracy": [0.9365090727806091, 0.9724363684654236, 0.981181800365448, 0.9864727258682251, 0.9882727265357971], "loss": [0.21188299357891083, 0.08734530210494995, 0.059118758887052536, 0.042076025158166885, 0.03479538857936859], "val_accuracy": [0.9656000137329102, 0.9768000245094299, 0.9746000170707703, 0.9782000184059143, 0.9778000116348267], "val_loss": [0.1080833226442337, 0.08004941046237946, 0.08930718898773193, 0.07620864361524582, 0.08205046504735947]}